{"1":{"1":{"mq":3.398127794265747,"lq":3.2690441608428955,"uq":3.544557213783264,"iqr":0.27551305294036865,"cutLo":2.4425050020217896,"cutHi":4.37109637260437},"2":{"mq":21.725014686584473,"lq":21.426328659057617,"uq":22.01093292236328,"iqr":0.5846042633056641,"cutLo":19.672515869140625,"cutHi":23.764745712280273},"3":{"mq":20.894787788391113,"lq":20.624555587768555,"uq":21.20246124267578,"iqr":0.5779056549072266,"cutLo":18.890838623046875,"cutHi":22.93617820739746}},"2":{"1":{"mq":3.4815611839294434,"lq":3.318681001663208,"uq":3.60540771484375,"iqr":0.286726713180542,"cutLo":2.458500862121582,"cutHi":4.465587854385376},"2":{"mq":21.757800102233887,"lq":21.412351608276367,"uq":22.071563720703125,"iqr":0.6592121124267578,"cutLo":19.434715270996094,"cutHi":24.0492000579834},"3":{"mq":20.840584754943848,"lq":20.53203582763672,"uq":21.167564392089844,"iqr":0.635528564453125,"cutLo":18.625450134277344,"cutHi":23.07415008544922}},"3":{"1":{"mq":3.2224700450897217,"lq":3.1053441762924194,"uq":3.3427904844284058,"iqr":0.23744630813598633,"cutLo":2.3930052518844604,"cutHi":4.055129408836365},"2":{"mq":22.931180000305176,"lq":22.665653228759766,"uq":23.2651309967041,"iqr":0.5994777679443359,"cutLo":20.867219924926758,"cutHi":25.06356430053711},"3":{"mq":22.071754455566406,"lq":21.77890110015869,"uq":22.37642478942871,"iqr":0.5975236892700195,"cutLo":19.986330032348633,"cutHi":24.16899585723877}},"4":{"1":{"mq":3.54079270362854,"lq":3.4136587381362915,"uq":3.662353754043579,"iqr":0.2486950159072876,"cutLo":2.6675736904144287,"cutHi":4.408438801765442},"2":{"mq":22.462929725646973,"lq":22.139123916625977,"uq":22.747289657592773,"iqr":0.6081657409667969,"cutLo":20.314626693725586,"cutHi":24.571786880493164},"3":{"mq":21.567709922790527,"lq":21.27602767944336,"uq":21.87279224395752,"iqr":0.5967645645141602,"cutLo":19.48573398590088,"cutHi":23.6630859375}},"5":{"1":{"mq":3.5441813468933105,"lq":3.410499095916748,"uq":3.660298228263855,"iqr":0.24979913234710693,"cutLo":2.6611016988754272,"cutHi":4.409695625305176},"2":{"mq":22.909940719604492,"lq":22.594629287719727,"uq":23.210256576538086,"iqr":0.6156272888183594,"cutLo":20.74774742126465,"cutHi":25.057138442993164},"3":{"mq":21.99176788330078,"lq":21.743345260620117,"uq":22.314461708068848,"iqr":0.5711164474487305,"cutLo":20.029995918273926,"cutHi":24.02781105041504}},"6":{"1":{"mq":3.7140557765960693,"lq":3.568211555480957,"uq":3.837259531021118,"iqr":0.26904797554016113,"cutLo":2.7610676288604736,"cutHi":4.644403457641602},"2":{"mq":21.762852668762207,"lq":21.48485565185547,"uq":22.090734481811523,"iqr":0.6058788299560547,"cutLo":19.667219161987305,"cutHi":23.908370971679688},"3":{"mq":20.778199195861816,"lq":20.495054244995117,"uq":21.090686798095703,"iqr":0.5956325531005859,"cutLo":18.70815658569336,"cutHi":22.87758445739746}}}