{"1":{"1":{"mq":3.3907740116119385,"lq":3.352181077003479,"uq":3.43240225315094,"iqr":0.08022117614746094,"cutLo":3.111517548561096,"cutHi":3.6730657815933228},"2":{"mq":3.258484959602356,"lq":3.213689684867859,"uq":3.308613657951355,"iqr":0.0949239730834961,"cutLo":2.9289177656173706,"cutHi":3.5933855772018433},"3":{"mq":3.4373586177825928,"lq":3.40338933467865,"uq":3.500467538833618,"iqr":0.09707820415496826,"cutLo":3.112154722213745,"cutHi":3.791702151298523},"4":{"mq":3.4158122539520264,"lq":3.381192684173584,"uq":3.453909993171692,"iqr":0.07271730899810791,"cutLo":3.1630407571792603,"cutHi":3.6720619201660156},"5":{"mq":3.653085470199585,"lq":3.6177700757980347,"uq":3.6882981061935425,"iqr":0.07052803039550781,"cutLo":3.4061859846115112,"cutHi":3.899882197380066},"6":{"mq":3.3614646196365356,"lq":3.324256658554077,"uq":3.3928279876708984,"iqr":0.06857132911682129,"cutLo":3.1185426712036133,"cutHi":3.5985419750213623}},"2":{"1":{"mq":3.6423087120056152,"lq":3.600868582725525,"uq":3.686475157737732,"iqr":0.08560657501220703,"cutLo":3.344048857688904,"cutHi":3.943294882774353},"2":{"mq":3.494434952735901,"lq":3.4424705505371094,"uq":3.551356554031372,"iqr":0.1088860034942627,"cutLo":3.1158125400543213,"cutHi":3.87801456451416},"3":{"mq":3.3573906421661377,"lq":3.311584949493408,"uq":3.43361759185791,"iqr":0.12203264236450195,"cutLo":2.9454870223999023,"cutHi":3.799715518951416},"4":{"mq":3.6669058799743652,"lq":3.6324424743652344,"uq":3.7075024843215942,"iqr":0.07506000995635986,"cutLo":3.407262444496155,"cutHi":3.932682514190674},"5":{"mq":3.653843879699707,"lq":3.616699695587158,"uq":3.694599986076355,"iqr":0.07790029048919678,"cutLo":3.382998824119568,"cutHi":3.9283008575439453},"6":{"mq":3.355639696121216,"lq":3.323782205581665,"uq":3.390655755996704,"iqr":0.06687355041503906,"cutLo":3.123161554336548,"cutHi":3.5912764072418213}},"3":{"1":{"mq":3.3170902729034424,"lq":3.2778077125549316,"uq":3.3590651750564575,"iqr":0.08125746250152588,"cutLo":3.034035325050354,"cutHi":3.602837562561035},"2":{"mq":3.18088960647583,"lq":3.1416964530944824,"uq":3.2309807538986206,"iqr":0.08928430080413818,"cutLo":2.873843550682068,"cutHi":3.498833656311035},"3":{"mq":3.3598685264587402,"lq":3.32784903049469,"uq":3.42534601688385,"iqr":0.09749698638916016,"cutLo":3.0353580713272095,"cutHi":3.7178369760513306},"4":{"mq":3.3307149410247803,"lq":3.2972261905670166,"uq":3.3694907426834106,"iqr":0.07226455211639404,"cutLo":3.0804325342178345,"cutHi":3.5862843990325928},"5":{"mq":3.3230488300323486,"lq":3.2867599725723267,"uq":3.3594738245010376,"iqr":0.07271385192871094,"cutLo":3.068618416786194,"cutHi":3.5776153802871704},"6":{"mq":3.057657480239868,"lq":3.0297131538391113,"uq":3.089172601699829,"iqr":0.05945944786071777,"cutLo":2.851334810256958,"cutHi":3.2675509452819824}},"4":{"1":{"mq":3.640663981437683,"lq":3.601134419441223,"uq":3.6807833909988403,"iqr":0.07964897155761719,"cutLo":3.3621875047683716,"cutHi":3.919730305671692},"2":{"mq":3.5009570121765137,"lq":3.458761215209961,"uq":3.5528788566589355,"iqr":0.09411764144897461,"cutLo":3.176408290863037,"cutHi":3.8352317810058594},"3":{"mq":3.7070800065994263,"lq":3.6587207317352295,"uq":3.774584174156189,"iqr":0.11586344242095947,"cutLo":3.311130404472351,"cutHi":4.122174501419067},"4":{"mq":3.671813488006592,"lq":3.6395394802093506,"uq":3.7149734497070312,"iqr":0.07543396949768066,"cutLo":3.4132375717163086,"cutHi":3.9412753582000732},"5":{"mq":3.667067527770996,"lq":3.636353850364685,"uq":3.7082942724227905,"iqr":0.07194042205810547,"cutLo":3.4205325841903687,"cutHi":3.924115538597107},"6":{"mq":3.37550687789917,"lq":3.340580463409424,"uq":3.4145615100860596,"iqr":0.07398104667663574,"cutLo":3.1186373233795166,"cutHi":3.636504650115967}},"5":{"1":{"mq":3.5589369535446167,"lq":3.5230120420455933,"uq":3.5989574193954468,"iqr":0.07594537734985352,"cutLo":3.2951759099960327,"cutHi":3.8267935514450073},"2":{"mq":3.4164589643478394,"lq":3.3739224672317505,"uq":3.468257427215576,"iqr":0.09433495998382568,"cutLo":3.0909175872802734,"cutHi":3.7512623071670532},"3":{"mq":3.617167830467224,"lq":3.578044056892395,"uq":3.689723014831543,"iqr":0.11167895793914795,"cutLo":3.243007183074951,"cutHi":4.024759888648987},"4":{"mq":3.5862152576446533,"lq":3.551223874092102,"uq":3.6266868114471436,"iqr":0.0754629373550415,"cutLo":3.3248350620269775,"cutHi":3.853075623512268},"5":{"mq":3.5786075592041016,"lq":3.5410985946655273,"uq":3.614112973213196,"iqr":0.07301437854766846,"cutLo":3.322055459022522,"cutHi":3.833156108856201},"6":{"mq":3.2773767709732056,"lq":3.247422933578491,"uq":3.311967611312866,"iqr":0.064544677734375,"cutLo":3.053788900375366,"cutHi":3.505601644515991}},"6":{"1":{"mq":3.777846574783325,"lq":3.7330087423324585,"uq":3.8256767988204956,"iqr":0.09266805648803711,"cutLo":3.455004572868347,"cutHi":4.103680968284607},"2":{"mq":3.6173537969589233,"lq":3.5611530542373657,"uq":3.684736490249634,"iqr":0.12358343601226807,"cutLo":3.1904027462005615,"cutHi":4.055486798286438},"3":{"mq":3.8601452112197876,"lq":3.818619728088379,"uq":3.91146457195282,"iqr":0.09284484386444092,"cutLo":3.540085196495056,"cutHi":4.189999103546143},"4":{"mq":3.817976713180542,"lq":3.778479218482971,"uq":3.860167145729065,"iqr":0.08168792724609375,"cutLo":3.53341543674469,"cutHi":4.105230927467346},"5":{"mq":3.8197312355041504,"lq":3.782951593399048,"uq":3.861698865890503,"iqr":0.07874727249145508,"cutLo":3.5467097759246826,"cutHi":4.097940683364868},"6":{"mq":3.5143072605133057,"lq":3.479310989379883,"uq":3.550053596496582,"iqr":0.07074260711669922,"cutLo":3.267083168029785,"cutHi":3.7622814178466797}}}