{"1":{"1":{"mq":3.3035335540771484,"lq":3.203678607940674,"uq":3.370675563812256,"iqr":0.16699695587158203,"cutLo":2.7026877403259277,"cutHi":3.871666431427002}},"2":{"1":{"mq":3.5100479125976562,"lq":3.3707966804504395,"uq":3.572477102279663,"iqr":0.20168042182922363,"cutLo":2.7657554149627686,"cutHi":4.177518367767334}},"3":{"1":{"mq":3.1524109840393066,"lq":3.037677049636841,"uq":3.209084987640381,"iqr":0.17140793800354004,"cutLo":2.5234532356262207,"cutHi":3.723308801651001}},"4":{"1":{"mq":3.4472572803497314,"lq":3.321758508682251,"uq":3.509157419204712,"iqr":0.18739891052246094,"cutLo":2.759561777114868,"cutHi":4.071354150772095}},"5":{"1":{"mq":3.330925226211548,"lq":3.2047388553619385,"uq":3.3889474868774414,"iqr":0.18420863151550293,"cutLo":2.6521129608154297,"cutHi":3.94157338142395}},"6":{"1":{"mq":3.5874087810516357,"lq":3.4378974437713623,"uq":3.6557669639587402,"iqr":0.21786952018737793,"cutLo":2.7842888832092285,"cutHi":4.309375524520874}}}