{"1":{"1":{"mq":3.417369246482849,"lq":3.3802324533462524,"uq":3.465390205383301,"iqr":0.08515775203704834,"cutLo":3.1673380732536316,"cutHi":3.6782845854759216},"2":{"mq":3.2131277322769165,"lq":0.2838745713233948,"uq":3.2984867095947266,"iqr":3.014612138271332,"cutLo":-7.252655774354935,"cutHi":10.835017055273056},"5":{"mq":3.3618783950805664,"lq":3.3411208391189575,"uq":3.4024232625961304,"iqr":0.06130242347717285,"cutLo":3.1878647804260254,"cutHi":3.5556793212890625}},"2":{"1":{"mq":3.663686513900757,"lq":3.6141607761383057,"uq":3.6985422372817993,"iqr":0.08438146114349365,"cutLo":3.4032071232795715,"cutHi":3.9094958901405334},"2":{"mq":3.474151611328125,"lq":3.3760592937469482,"uq":3.5660922527313232,"iqr":0.190032958984375,"cutLo":2.9009768962860107,"cutHi":4.041174650192261},"5":{"mq":3.3499608039855957,"lq":3.3148387670516968,"uq":3.384747862815857,"iqr":0.06990909576416016,"cutLo":3.1400660276412964,"cutHi":3.5595206022262573}},"3":{"1":{"mq":3.3574557304382324,"lq":3.312384605407715,"uq":3.3946008682250977,"iqr":0.08221626281738281,"cutLo":3.106843948364258,"cutHi":3.6001415252685547},"2":{"mq":3.1879148483276367,"lq":3.146463394165039,"uq":3.2438244819641113,"iqr":0.09736108779907227,"cutLo":2.9030606746673584,"cutHi":3.487227201461792},"5":{"mq":3.0613696575164795,"lq":3.03610897064209,"uq":3.091759204864502,"iqr":0.05565023422241211,"cutLo":2.8969833850860596,"cutHi":3.2308847904205322}},"4":{"1":{"mq":3.674000859260559,"lq":3.6366957426071167,"uq":3.716380000114441,"iqr":0.07968425750732422,"cutLo":3.437485098838806,"cutHi":3.9155906438827515},"2":{"mq":3.4989335536956787,"lq":3.4603142738342285,"uq":3.5739827156066895,"iqr":0.11366844177246094,"cutLo":3.176143169403076,"cutHi":3.858153820037842},"5":{"mq":3.3811163902282715,"lq":3.3566839694976807,"uq":3.4232006072998047,"iqr":0.06651663780212402,"cutLo":3.1903923749923706,"cutHi":3.5894922018051147}},"5":{"1":{"mq":3.5835503339767456,"lq":3.5516148805618286,"uq":3.6304140090942383,"iqr":0.07879912853240967,"cutLo":3.3546170592308044,"cutHi":3.8274118304252625},"2":{"mq":3.398948073387146,"lq":3.328162908554077,"uq":3.4754977226257324,"iqr":0.14733481407165527,"cutLo":2.959825873374939,"cutHi":3.8438347578048706},"5":{"mq":3.2804172039031982,"lq":3.256736636161804,"uq":3.3117361068725586,"iqr":0.054999470710754395,"cutLo":3.119237959384918,"cutHi":3.4492347836494446}},"6":{"1":{"mq":3.8115605115890503,"lq":3.7722227573394775,"uq":3.8623783588409424,"iqr":0.09015560150146484,"cutLo":3.5468337535858154,"cutHi":4.0877673625946045},"2":{"mq":3.562373399734497,"lq":2.681673765182495,"uq":3.673187255859375,"iqr":0.9915134906768799,"cutLo":0.2028900384902954,"cutHi":6.151970982551575},"5":{"mq":3.510519027709961,"lq":3.4905203580856323,"uq":3.5343040227890015,"iqr":0.04378366470336914,"cutLo":3.3810611963272095,"cutHi":3.6437631845474243}}}