{"1":{"1":{"mq":2.7119370698928833,"lq":2.675716280937195,"uq":2.7532150745391846,"iqr":0.07749879360198975,"cutLo":2.4432199001312256,"cutHi":2.985711455345154}},"2":{"1":{"mq":2.9385472536087036,"lq":2.8996355533599854,"uq":2.9806132316589355,"iqr":0.0809776782989502,"cutLo":2.6567025184631348,"cutHi":3.223546266555786}},"3":{"1":{"mq":2.605016589164734,"lq":2.573221445083618,"uq":2.647204875946045,"iqr":0.07398343086242676,"cutLo":2.351271152496338,"cutHi":2.869155168533325}},"4":{"1":{"mq":3.0622663497924805,"lq":3.0254268646240234,"uq":3.1040570735931396,"iqr":0.07863020896911621,"cutLo":2.789536237716675,"cutHi":3.3399477005004883}},"5":{"1":{"mq":2.814131498336792,"lq":2.7788290977478027,"uq":2.849264144897461,"iqr":0.0704350471496582,"cutLo":2.567523956298828,"cutHi":3.0605692863464355}},"6":{"1":{"mq":3.0946102142333984,"lq":3.0574989318847656,"uq":3.1381163597106934,"iqr":0.08061742782592773,"cutLo":2.8156466484069824,"cutHi":3.3799686431884766}}}