{"1":{"1":{"mq":3.3907740116119385,"lq":3.352181077003479,"uq":3.43240225315094,"iqr":0.08022117614746094,"cutLo":3.1516281366348267,"cutHi":3.6329551935195923},"2":{"mq":3.258484959602356,"lq":3.213689684867859,"uq":3.308613657951355,"iqr":0.0949239730834961,"cutLo":2.9763797521591187,"cutHi":3.545923590660095},"3":{"mq":3.417078733444214,"lq":3.3821752071380615,"uq":3.4553003311157227,"iqr":0.07312512397766113,"cutLo":3.1993623971939087,"cutHi":3.6381131410598755},"4":{"mq":3.653085470199585,"lq":3.6177700757980347,"uq":3.6882981061935425,"iqr":0.07052803039550781,"cutLo":3.441449999809265,"cutHi":3.864618182182312},"5":{"mq":3.3614646196365356,"lq":3.324256658554077,"uq":3.3928279876708984,"iqr":0.06857132911682129,"cutLo":3.152828335762024,"cutHi":3.5642563104629517}},"2":{"1":{"mq":3.6423087120056152,"lq":3.600868582725525,"uq":3.686475157737732,"iqr":0.08560657501220703,"cutLo":3.3868521451950073,"cutHi":3.9004915952682495},"2":{"mq":3.494434952735901,"lq":3.4424705505371094,"uq":3.551356554031372,"iqr":0.1088860034942627,"cutLo":3.1702555418014526,"cutHi":3.823571562767029},"3":{"mq":3.6624139547348022,"lq":3.625260591506958,"uq":3.7042808532714844,"iqr":0.07902026176452637,"cutLo":3.427709937095642,"cutHi":3.9018315076828003},"4":{"mq":3.653843879699707,"lq":3.616699695587158,"uq":3.694599986076355,"iqr":0.07790029048919678,"cutLo":3.4219489693641663,"cutHi":3.889350712299347},"5":{"mq":3.355639696121216,"lq":3.323782205581665,"uq":3.390655755996704,"iqr":0.06687355041503906,"cutLo":3.1565983295440674,"cutHi":3.5578396320343018}},"3":{"1":{"mq":3.3170902729034424,"lq":3.2778077125549316,"uq":3.3590651750564575,"iqr":0.08125746250152588,"cutLo":3.074664056301117,"cutHi":3.562208831310272},"2":{"mq":3.18088960647583,"lq":3.1416964530944824,"uq":3.2309807538986206,"iqr":0.08928430080413818,"cutLo":2.918485701084137,"cutHi":3.454191505908966},"3":{"mq":3.332573175430298,"lq":3.297883629798889,"uq":3.372531533241272,"iqr":0.07464790344238281,"cutLo":3.111263871192932,"cutHi":3.559151291847229},"4":{"mq":3.3230488300323486,"lq":3.2867599725723267,"uq":3.3594738245010376,"iqr":0.07271385192871094,"cutLo":3.1049753427505493,"cutHi":3.541258454322815},"5":{"mq":3.057657480239868,"lq":3.0297131538391113,"uq":3.089172601699829,"iqr":0.05945944786071777,"cutLo":2.881064534187317,"cutHi":3.2378212213516235}},"4":{"1":{"mq":3.640663981437683,"lq":3.601134419441223,"uq":3.6807833909988403,"iqr":0.07964897155761719,"cutLo":3.40201199054718,"cutHi":3.8799058198928833},"2":{"mq":3.5009570121765137,"lq":3.458761215209961,"uq":3.5528788566589355,"iqr":0.09411764144897461,"cutLo":3.2234671115875244,"cutHi":3.788172960281372},"3":{"mq":3.67353892326355,"lq":3.639944553375244,"uq":3.717795729637146,"iqr":0.07785117626190186,"cutLo":3.4453166127204895,"cutHi":3.9124236702919006},"4":{"mq":3.667067527770996,"lq":3.636353850364685,"uq":3.7082942724227905,"iqr":0.07194042205810547,"cutLo":3.4565027952194214,"cutHi":3.888145327568054},"5":{"mq":3.37550687789917,"lq":3.340580463409424,"uq":3.4145615100860596,"iqr":0.07398104667663574,"cutLo":3.1556278467178345,"cutHi":3.599514126777649}},"5":{"1":{"mq":3.5589369535446167,"lq":3.5230120420455933,"uq":3.5989574193954468,"iqr":0.07594537734985352,"cutLo":3.3331485986709595,"cutHi":3.7888208627700806},"2":{"mq":3.4164589643478394,"lq":3.3739224672317505,"uq":3.468257427215576,"iqr":0.09433495998382568,"cutLo":3.1380850672721863,"cutHi":3.7040948271751404},"3":{"mq":3.587809681892395,"lq":3.5533324480056763,"uq":3.6280994415283203,"iqr":0.07476699352264404,"cutLo":3.366414964199066,"cutHi":3.8150169253349304},"4":{"mq":3.5786075592041016,"lq":3.5410985946655273,"uq":3.614112973213196,"iqr":0.07301437854766846,"cutLo":3.358562648296356,"cutHi":3.796648919582367},"5":{"mq":3.2773767709732056,"lq":3.247422933578491,"uq":3.311967611312866,"iqr":0.064544677734375,"cutLo":3.0860612392425537,"cutHi":3.4733293056488037}},"6":{"1":{"mq":3.777846574783325,"lq":3.7330087423324585,"uq":3.8256767988204956,"iqr":0.09266805648803711,"cutLo":3.5013386011123657,"cutHi":4.057346940040588},"2":{"mq":3.6173537969589233,"lq":3.5611530542373657,"uq":3.684736490249634,"iqr":0.12358343601226807,"cutLo":3.2521944642066956,"cutHi":3.993695080280304},"3":{"mq":3.8205610513687134,"lq":3.7804359197616577,"uq":3.8645304441452026,"iqr":0.08409452438354492,"cutLo":3.5701996088027954,"cutHi":4.074766755104065},"4":{"mq":3.8197312355041504,"lq":3.782951593399048,"uq":3.861698865890503,"iqr":0.07874727249145508,"cutLo":3.58608341217041,"cutHi":4.058567047119141},"5":{"mq":3.5143072605133057,"lq":3.479310989379883,"uq":3.550053596496582,"iqr":0.07074260711669922,"cutLo":3.3024544715881348,"cutHi":3.72691011428833}}}