{"1":{"1":{"mq":3.396031975746155,"lq":3.3122442960739136,"uq":3.5299237966537476,"iqr":0.21767950057983398,"cutLo":2.6592057943344116,"cutHi":4.1829622983932495},"2":{"mq":21.302837371826172,"lq":21.171319007873535,"uq":21.45367431640625,"iqr":0.28235530853271484,"cutLo":20.32425308227539,"cutHi":22.300740242004395},"3":{"mq":20.32219886779785,"lq":20.12519645690918,"uq":20.53456687927246,"iqr":0.40937042236328125,"cutLo":18.897085189819336,"cutHi":21.762678146362305}},"2":{"1":{"mq":3.5811407566070557,"lq":3.4226518869400024,"uq":3.7014580965042114,"iqr":0.278806209564209,"cutLo":2.5862332582473755,"cutHi":4.537876725196838},"2":{"mq":21.275083541870117,"lq":21.13660430908203,"uq":21.496060371398926,"iqr":0.35945606231689453,"cutLo":20.058236122131348,"cutHi":22.57442855834961},"3":{"mq":20.248432159423828,"lq":20.050098419189453,"uq":20.465630531311035,"iqr":0.41553211212158203,"cutLo":18.803502082824707,"cutHi":21.71222686767578}},"3":{"1":{"mq":3.330491304397583,"lq":3.2062182426452637,"uq":3.4194860458374023,"iqr":0.21326780319213867,"cutLo":2.5664148330688477,"cutHi":4.059289455413818},"2":{"mq":22.548852920532227,"lq":22.39479351043701,"uq":22.7694091796875,"iqr":0.3746156692504883,"cutLo":21.270946502685547,"cutHi":23.893256187438965},"3":{"mq":21.484352111816406,"lq":21.324859619140625,"uq":21.71792507171631,"iqr":0.3930654525756836,"cutLo":20.145663261413574,"cutHi":22.89712142944336}},"4":{"1":{"mq":3.546392560005188,"lq":3.4248404502868652,"uq":3.652261972427368,"iqr":0.22742152214050293,"cutLo":2.7425758838653564,"cutHi":4.334526538848877},"2":{"mq":22.009708404541016,"lq":21.86054515838623,"uq":22.184581756591797,"iqr":0.3240365982055664,"cutLo":20.88843536376953,"cutHi":23.156691551208496},"3":{"mq":21.00662612915039,"lq":20.843520164489746,"uq":21.23798370361328,"iqr":0.39446353912353516,"cutLo":19.66012954711914,"cutHi":22.421374320983887}},"5":{"1":{"mq":3.488927721977234,"lq":3.3700002431869507,"uq":3.5872708559036255,"iqr":0.2172706127166748,"cutLo":2.7181884050369263,"cutHi":4.23908269405365},"2":{"mq":22.683515548706055,"lq":22.556912422180176,"uq":22.877524375915527,"iqr":0.32061195373535156,"cutLo":21.59507656097412,"cutHi":23.839360237121582},"3":{"mq":21.63353157043457,"lq":21.48238754272461,"uq":21.85921573638916,"iqr":0.3768281936645508,"cutLo":20.351902961730957,"cutHi":22.989700317382812}},"6":{"1":{"mq":3.7540652751922607,"lq":3.626526117324829,"uq":3.8681018352508545,"iqr":0.2415757179260254,"cutLo":2.901798963546753,"cutHi":4.592828989028931},"2":{"mq":21.492036819458008,"lq":21.353968620300293,"uq":21.69638442993164,"iqr":0.34241580963134766,"cutLo":20.32672119140625,"cutHi":22.723631858825684},"3":{"mq":20.426654815673828,"lq":20.238207817077637,"uq":20.58885955810547,"iqr":0.35065174102783203,"cutLo":19.18625259399414,"cutHi":21.640814781188965}}}