{"1":{"1":{"mq":2.704051971435547,"lq":2.6703736782073975,"uq":2.742201089859009,"iqr":0.07182741165161133,"cutLo":2.4548914432525635,"cutHi":2.9576833248138428},"2":{"mq":2.5962674617767334,"lq":2.5545945167541504,"uq":2.6426764726638794,"iqr":0.088081955909729,"cutLo":2.2903486490249634,"cutHi":2.9069223403930664},"3":{"mq":2.7370927333831787,"lq":2.703428268432617,"uq":2.773452043533325,"iqr":0.07002377510070801,"cutLo":2.493356943130493,"cutHi":2.983523368835449},"4":{"mq":2.8975276947021484,"lq":0.0,"uq":2.953436017036438,"iqr":2.953436017036438,"cutLo":-8.860308051109314,"cutHi":11.813744068145752},"5":{"mq":0.0,"lq":-10000,"uq":3.138716459274292,"iqr":10003.138716459274,"cutLo":-40009.41614937782,"cutHi":30012.554865837097},"6":{"mq":0.0,"lq":-10000,"uq":2.7030692100524902,"iqr":10002.703069210052,"cutLo":-40008.10920763016,"cutHi":30010.81227684021}},"2":{"1":{"mq":2.9272650480270386,"lq":2.8898425102233887,"uq":2.964083671569824,"iqr":0.07424116134643555,"cutLo":2.667119026184082,"cutHi":3.186807155609131},"2":{"mq":2.810046672821045,"lq":2.763153076171875,"uq":2.8591572046279907,"iqr":0.09600412845611572,"cutLo":2.475140690803528,"cutHi":3.147169589996338},"3":{"mq":2.944904327392578,"lq":2.8997271060943604,"uq":2.9831435680389404,"iqr":0.08341646194458008,"cutLo":2.64947772026062,"cutHi":3.2333929538726807},"4":{"mq":2.896566390991211,"lq":0.0,"uq":2.952239513397217,"iqr":2.952239513397217,"cutLo":-8.85671854019165,"cutHi":11.808958053588867},"5":{"mq":0.0,"lq":-10000,"uq":3.1392946243286133,"iqr":10003.139294624329,"cutLo":-40009.417883872986,"cutHi":30012.557178497314},"6":{"mq":0.0,"lq":-10000,"uq":2.699012041091919,"iqr":10002.699012041092,"cutLo":-40008.097036123276,"cutHi":30010.796048164368}},"3":{"1":{"mq":2.5897821187973022,"lq":2.5583157539367676,"uq":2.6248693466186523,"iqr":0.06655359268188477,"cutLo":2.3586549758911133,"cutHi":2.8245301246643066},"2":{"mq":2.4854042530059814,"lq":2.448900818824768,"uq":2.531313896179199,"iqr":0.08241307735443115,"cutLo":2.2016615867614746,"cutHi":2.7785531282424927},"3":{"mq":2.6125067472457886,"lq":2.58144474029541,"uq":2.650082588195801,"iqr":0.06863784790039062,"cutLo":2.3755311965942383,"cutHi":2.8559961318969727},"4":{"mq":2.559702157974243,"lq":0.0,"uq":2.6120232343673706,"iqr":2.6120232343673706,"cutLo":-7.836069703102112,"cutHi":10.448092937469482},"5":{"mq":0.0,"lq":-10000,"uq":2.7618861198425293,"iqr":10002.761886119843,"cutLo":-40008.28565835953,"cutHi":30011.04754447937},"6":{"mq":0.0,"lq":-10000,"uq":2.392399787902832,"iqr":10002.392399787903,"cutLo":-40007.17719936371,"cutHi":30009.56959915161}},"4":{"1":{"mq":3.0483856201171875,"lq":3.012455463409424,"uq":3.0876576900482178,"iqr":0.07520222663879395,"cutLo":2.786848783493042,"cutHi":3.3132643699645996},"2":{"mq":2.9263558387756348,"lq":2.8890764713287354,"uq":2.9759202003479004,"iqr":0.08684372901916504,"cutLo":2.6285452842712402,"cutHi":3.2364513874053955},"3":{"mq":3.0806751251220703,"lq":3.0479536056518555,"uq":3.123256206512451,"iqr":0.0753026008605957,"cutLo":2.8220458030700684,"cutHi":3.3491640090942383},"4":{"mq":3.028730630874634,"lq":0.0,"uq":3.085032105445862,"iqr":3.085032105445862,"cutLo":-9.255096316337585,"cutHi":12.340128421783447},"5":{"mq":0.0,"lq":-10000,"uq":3.280135154724121,"iqr":10003.280135154724,"cutLo":-40009.84040546417,"cutHi":30013.120540618896},"6":{"mq":0.0,"lq":-10000,"uq":2.826974868774414,"iqr":10002.826974868774,"cutLo":-40008.48092460632,"cutHi":30011.307899475098}},"5":{"1":{"mq":2.8009636402130127,"lq":2.766435146331787,"uq":2.8363945484161377,"iqr":0.06995940208435059,"cutLo":2.5565569400787354,"cutHi":3.0462727546691895},"2":{"mq":2.682637929916382,"lq":2.6459405422210693,"uq":2.728791832923889,"iqr":0.08285129070281982,"cutLo":2.39738667011261,"cutHi":2.9773457050323486},"3":{"mq":2.826483726501465,"lq":2.7937171459198,"uq":2.863657236099243,"iqr":0.06994009017944336,"cutLo":2.5838968753814697,"cutHi":3.0734775066375732},"4":{"mq":2.766753315925598,"lq":0.0,"uq":2.820968508720398,"iqr":2.820968508720398,"cutLo":-8.462905526161194,"cutHi":11.283874034881592},"5":{"mq":0.0,"lq":-10000,"uq":2.9450886249542236,"iqr":10002.945088624954,"cutLo":-40008.83526587486,"cutHi":30011.780354499817},"6":{"mq":0.0,"lq":-10000,"uq":2.573368787765503,"iqr":10002.573368787766,"cutLo":-40007.7201063633,"cutHi":30010.293475151062}},"6":{"1":{"mq":3.0706297159194946,"lq":3.032467842102051,"uq":3.1155848503112793,"iqr":0.08311700820922852,"cutLo":2.7831168174743652,"cutHi":3.364935874938965},"2":{"mq":2.9389660358428955,"lq":2.890479326248169,"uq":2.9954705238342285,"iqr":0.10499119758605957,"cutLo":2.5755057334899902,"cutHi":3.3104441165924072},"3":{"mq":3.116952419281006,"lq":3.078723430633545,"uq":3.1570162773132324,"iqr":0.0782928466796875,"cutLo":2.8438448905944824,"cutHi":3.391894817352295},"4":{"mq":3.067655086517334,"lq":0.0,"uq":3.120821237564087,"iqr":3.120821237564087,"cutLo":-9.36246371269226,"cutHi":12.483284950256348},"5":{"mq":0.0,"lq":-10000,"uq":3.309798240661621,"iqr":10003.309798240662,"cutLo":-40009.929394721985,"cutHi":30013.239192962646},"6":{"mq":0.0,"lq":-10000,"uq":2.8543026447296143,"iqr":10002.85430264473,"cutLo":-40008.56290793419,"cutHi":30011.41721057892}}}