{"1":{"1":{"mq":2.7000067234039307,"lq":2.618618965148926,"uq":2.7672250270843506,"iqr":0.1486060619354248,"cutLo":2.1728007793426514,"cutHi":3.213043212890625}},"2":{"1":{"mq":2.8982255458831787,"lq":2.7804818153381348,"uq":2.9540345668792725,"iqr":0.1735527515411377,"cutLo":2.2598235607147217,"cutHi":3.4746928215026855}},"3":{"1":{"mq":2.5679783821105957,"lq":2.479030132293701,"uq":2.6154685020446777,"iqr":0.13643836975097656,"cutLo":2.0697150230407715,"cutHi":3.0247836112976074}},"4":{"1":{"mq":3.0270614624023438,"lq":2.9183096885681152,"uq":3.0827019214630127,"iqr":0.16439223289489746,"cutLo":2.425132989883423,"cutHi":3.575878620147705}},"5":{"1":{"mq":2.776538133621216,"lq":2.6742241382598877,"uq":2.8270046710968018,"iqr":0.15278053283691406,"cutLo":2.2158825397491455,"cutHi":3.285346269607544}},"6":{"1":{"mq":3.053586959838867,"lq":2.9305226802825928,"uq":3.1148457527160645,"iqr":0.18432307243347168,"cutLo":2.3775534629821777,"cutHi":3.6678149700164795}}}