{"1":{"1":{"mq":2.704654574394226,"lq":2.671036958694458,"uq":2.742622137069702,"iqr":0.07158517837524414,"cutLo":2.4562814235687256,"cutHi":2.9573776721954346},"2":{"mq":2.596954107284546,"lq":2.5558366775512695,"uq":2.6432085037231445,"iqr":0.087371826171875,"cutLo":2.2937211990356445,"cutHi":2.9053239822387695},"3":{"mq":2.737430214881897,"lq":2.7037301063537598,"uq":2.774137020111084,"iqr":0.07040691375732422,"cutLo":2.492509365081787,"cutHi":2.9853577613830566},"4":{"mq":2.9409780502319336,"lq":2.906859874725342,"uq":2.9789280891418457,"iqr":0.0720682144165039,"cutLo":2.69065523147583,"cutHi":3.1951327323913574},"5":{"mq":2.9400789737701416,"lq":2.904668688774109,"uq":2.9812618494033813,"iqr":0.07659316062927246,"cutLo":2.6748892068862915,"cutHi":3.2110413312911987},"6":{"mq":2.7112138271331787,"lq":2.6685922145843506,"uq":2.7697781324386597,"iqr":0.10118591785430908,"cutLo":2.3650344610214233,"cutHi":3.073335886001587}},"2":{"1":{"mq":2.927632451057434,"lq":2.8908212184906006,"uq":2.964224100112915,"iqr":0.07340288162231445,"cutLo":2.6706125736236572,"cutHi":3.1844327449798584},"2":{"mq":2.811009407043457,"lq":2.764809250831604,"uq":2.8602349758148193,"iqr":0.09542572498321533,"cutLo":2.478532075881958,"cutHi":3.1465121507644653},"3":{"mq":2.9452234506607056,"lq":2.900843620300293,"uq":2.9838569164276123,"iqr":0.08301329612731934,"cutLo":2.651803731918335,"cutHi":3.2328968048095703},"4":{"mq":2.941449999809265,"lq":2.9090397357940674,"uq":2.9808990955352783,"iqr":0.07185935974121094,"cutLo":2.6934616565704346,"cutHi":3.196477174758911},"5":{"mq":2.9401063919067383,"lq":2.9035043716430664,"uq":2.982385516166687,"iqr":0.0788811445236206,"cutLo":2.6668609380722046,"cutHi":3.219028949737549},"6":{"mq":2.708606243133545,"lq":2.666953921318054,"uq":2.7661468982696533,"iqr":0.09919297695159912,"cutLo":2.369374990463257,"cutHi":3.0637258291244507}},"3":{"1":{"mq":2.590032696723938,"lq":2.5592525005340576,"uq":2.6249489784240723,"iqr":0.06569647789001465,"cutLo":2.3621630668640137,"cutHi":2.822038412094116},"2":{"mq":2.4863698482513428,"lq":2.4507519006729126,"uq":2.532025933265686,"iqr":0.08127403259277344,"cutLo":2.2069298028945923,"cutHi":2.7758480310440063},"3":{"mq":2.612927794456482,"lq":2.58174204826355,"uq":2.650876522064209,"iqr":0.06913447380065918,"cutLo":2.3743386268615723,"cutHi":2.8582799434661865},"4":{"mq":2.602238893508911,"lq":2.5704880952835083,"uq":2.6349419355392456,"iqr":0.0644538402557373,"cutLo":2.3771265745162964,"cutHi":2.8283034563064575},"5":{"mq":2.597681164741516,"lq":2.5642428398132324,"uq":2.637015700340271,"iqr":0.07277286052703857,"cutLo":2.3459242582321167,"cutHi":2.8553342819213867},"6":{"mq":2.4014766216278076,"lq":2.3640376329421997,"uq":2.4547619819641113,"iqr":0.09072434902191162,"cutLo":2.091864585876465,"cutHi":2.726935029029846}},"4":{"1":{"mq":3.04894483089447,"lq":3.0132346153259277,"uq":3.0882816314697266,"iqr":0.07504701614379883,"cutLo":2.7880935668945312,"cutHi":3.313422679901123},"2":{"mq":2.926985740661621,"lq":2.890611171722412,"uq":2.9772368669509888,"iqr":0.08662569522857666,"cutLo":2.630734086036682,"cutHi":3.2371139526367188},"3":{"mq":3.0810240507125854,"lq":3.0484137535095215,"uq":3.123931884765625,"iqr":0.07551813125610352,"cutLo":2.821859359741211,"cutHi":3.3504862785339355},"4":{"mq":3.0729589462280273,"lq":3.0369850397109985,"uq":3.1136369705200195,"iqr":0.076651930809021,"cutLo":2.8070292472839355,"cutHi":3.3435927629470825},"5":{"mq":3.082332491874695,"lq":3.047592282295227,"uq":3.1254913806915283,"iqr":0.07789909839630127,"cutLo":2.8138949871063232,"cutHi":3.359188675880432},"6":{"mq":2.8227909803390503,"lq":2.775214910507202,"uq":2.8674291372299194,"iqr":0.09221422672271729,"cutLo":2.4985722303390503,"cutHi":3.1440718173980713}},"5":{"1":{"mq":2.8016557693481445,"lq":2.7670931816101074,"uq":2.8365204334259033,"iqr":0.0694272518157959,"cutLo":2.5588114261627197,"cutHi":3.044802188873291},"2":{"mq":2.683452844619751,"lq":2.6474313735961914,"uq":2.729515552520752,"iqr":0.08208417892456055,"cutLo":2.4011788368225098,"cutHi":2.9757680892944336},"3":{"mq":2.8270459175109863,"lq":2.7944495677948,"uq":2.8642778396606445,"iqr":0.06982827186584473,"cutLo":2.5849647521972656,"cutHi":3.0737626552581787},"4":{"mq":2.807222843170166,"lq":2.774267315864563,"uq":2.8422216176986694,"iqr":0.06795430183410645,"cutLo":2.5704044103622437,"cutHi":3.0460845232009888},"5":{"mq":2.8021739721298218,"lq":2.7687363624572754,"uq":2.840037703514099,"iqr":0.07130134105682373,"cutLo":2.554832339286804,"cutHi":3.0539417266845703},"6":{"mq":2.5852874517440796,"lq":2.547205090522766,"uq":2.638235092163086,"iqr":0.09103000164031982,"cutLo":2.2741150856018066,"cutHi":2.9113250970840454}},"6":{"1":{"mq":3.0711013078689575,"lq":3.033968448638916,"uq":3.115813732147217,"iqr":0.08184528350830078,"cutLo":2.7884325981140137,"cutHi":3.361349582672119},"2":{"mq":2.94024395942688,"lq":2.892412304878235,"uq":2.996582508087158,"iqr":0.10417020320892334,"cutLo":2.579901695251465,"cutHi":3.3090931177139282},"3":{"mq":3.117509126663208,"lq":3.0791594982147217,"uq":3.1573569774627686,"iqr":0.07819747924804688,"cutLo":2.844567060470581,"cutHi":3.391949415206909},"4":{"mq":3.1092777252197266,"lq":3.077283263206482,"uq":3.1486116647720337,"iqr":0.07132840156555176,"cutLo":2.8632980585098267,"cutHi":3.362596869468689},"5":{"mq":3.1034919023513794,"lq":3.067291021347046,"uq":3.14729905128479,"iqr":0.08000802993774414,"cutLo":2.8272669315338135,"cutHi":3.3873231410980225},"6":{"mq":2.8584483861923218,"lq":2.8120850324630737,"uq":2.921056628227234,"iqr":0.10897159576416016,"cutLo":2.4851702451705933,"cutHi":3.2479714155197144}}}