{"1":{"1":{"mq":2.704641103744507,"lq":2.6710877418518066,"uq":2.742697596549988,"iqr":0.07160985469818115,"cutLo":2.456258177757263,"cutHi":2.9575271606445312},"2":{"mq":2.5969300270080566,"lq":2.5558756589889526,"uq":2.6430702209472656,"iqr":0.08719456195831299,"cutLo":2.2942919731140137,"cutHi":2.9046539068222046},"3":{"mq":2.7373738288879395,"lq":2.7037301063537598,"uq":2.7737433910369873,"iqr":0.07001328468322754,"cutLo":2.493690252304077,"cutHi":2.98378324508667},"4":{"mq":2.8998851776123047,"lq":0.0,"uq":2.9541196823120117,"iqr":2.9541196823120117,"cutLo":-8.862359046936035,"cutHi":11.816478729248047},"5":{"mq":3.082542657852173,"lq":2.8700127601623535,"uq":3.220529317855835,"iqr":0.35051655769348145,"cutLo":1.8184630870819092,"cutHi":4.272078990936279},"6":{"mq":2.7030692100524902,"lq":2.6685776710510254,"uq":2.7364771366119385,"iqr":0.06789946556091309,"cutLo":2.464879274368286,"cutHi":2.9401755332946777}},"2":{"1":{"mq":2.9279227256774902,"lq":2.8908509016036987,"uq":2.964383363723755,"iqr":0.07353246212005615,"cutLo":2.6702535152435303,"cutHi":3.1849807500839233},"2":{"mq":2.811009407043457,"lq":2.764809250831604,"uq":2.8599681854248047,"iqr":0.09515893459320068,"cutLo":2.479332447052002,"cutHi":3.1454449892044067},"3":{"mq":2.945131778717041,"lq":2.9006307125091553,"uq":2.983424663543701,"iqr":0.0827939510345459,"cutLo":2.6522488594055176,"cutHi":3.231806516647339},"4":{"mq":2.898319959640503,"lq":0.0,"uq":2.953247308731079,"iqr":2.953247308731079,"cutLo":-8.859741926193237,"cutHi":11.812989234924316},"5":{"mq":3.0854591131210327,"lq":2.7267119884490967,"uq":3.1916598081588745,"iqr":0.46494781970977783,"cutLo":1.3318685293197632,"cutHi":4.586503267288208},"6":{"mq":2.699012041091919,"lq":2.665848970413208,"uq":2.73001766204834,"iqr":0.06416869163513184,"cutLo":2.4733428955078125,"cutHi":2.9225237369537354}},"3":{"1":{"mq":2.5902533531188965,"lq":2.5592966079711914,"uq":2.6250061988830566,"iqr":0.06570959091186523,"cutLo":2.3621678352355957,"cutHi":2.8221349716186523},"2":{"mq":2.486281156539917,"lq":2.4507519006729126,"uq":2.5318777561187744,"iqr":0.08112585544586182,"cutLo":2.207374334335327,"cutHi":2.77525532245636},"3":{"mq":2.6126248836517334,"lq":2.581707715988159,"uq":2.650249481201172,"iqr":0.0685417652130127,"cutLo":2.376082420349121,"cutHi":2.85587477684021},"4":{"mq":2.5616443157196045,"lq":0.0,"uq":2.612450361251831,"iqr":2.612450361251831,"cutLo":-7.837351083755493,"cutHi":10.449801445007324},"5":{"mq":2.7332900762557983,"lq":2.528290867805481,"uq":2.814502000808716,"iqr":0.28621113300323486,"cutLo":1.6696574687957764,"cutHi":3.6731353998184204},"6":{"mq":2.392399787902832,"lq":2.3622703552246094,"uq":2.424363613128662,"iqr":0.062093257904052734,"cutLo":2.175990581512451,"cutHi":2.6106433868408203}},"4":{"1":{"mq":3.0488121509552,"lq":3.013168692588806,"uq":3.088134765625,"iqr":0.07496607303619385,"cutLo":2.7882704734802246,"cutHi":3.3130329847335815},"2":{"mq":2.9269704818725586,"lq":2.890889286994934,"uq":2.976747751235962,"iqr":0.08585846424102783,"cutLo":2.6333138942718506,"cutHi":3.2343231439590454},"3":{"mq":3.0808169841766357,"lq":3.048320770263672,"uq":3.123661518096924,"iqr":0.07534074783325195,"cutLo":2.822298526763916,"cutHi":3.3496837615966797},"4":{"mq":3.0298409461975098,"lq":0.0,"uq":3.085573673248291,"iqr":3.085573673248291,"cutLo":-9.256721019744873,"cutHi":12.342294692993164},"5":{"mq":3.223768472671509,"lq":3.0067689418792725,"uq":3.3365187644958496,"iqr":0.32974982261657715,"cutLo":2.017519474029541,"cutHi":4.325768232345581},"6":{"mq":2.826974868774414,"lq":2.791484832763672,"uq":2.8581862449645996,"iqr":0.06670141220092773,"cutLo":2.5913805961608887,"cutHi":3.058290481567383}},"5":{"1":{"mq":2.801687002182007,"lq":2.7671557664871216,"uq":2.8365076780319214,"iqr":0.0693519115447998,"cutLo":2.559100031852722,"cutHi":3.044563412666321},"2":{"mq":2.6832401752471924,"lq":2.64737069606781,"uq":2.7293108701705933,"iqr":0.0819401741027832,"cutLo":2.4015501737594604,"cutHi":2.975131392478943},"3":{"mq":2.826993227005005,"lq":2.794294595718384,"uq":2.8640012741088867,"iqr":0.06970667839050293,"cutLo":2.585174560546875,"cutHi":3.0731213092803955},"4":{"mq":2.7680487632751465,"lq":0.0,"uq":2.8215065002441406,"iqr":2.8215065002441406,"cutLo":-8.464519500732422,"cutHi":11.286026000976562},"5":{"mq":2.9197665452957153,"lq":2.673656702041626,"uq":3.027656674385071,"iqr":0.3539999723434448,"cutLo":1.6116567850112915,"cutHi":4.089656591415405},"6":{"mq":2.573368787765503,"lq":2.54171085357666,"uq":2.6069176197052,"iqr":0.06520676612854004,"cutLo":2.34609055519104,"cutHi":2.8025379180908203}},"6":{"1":{"mq":3.0712881088256836,"lq":3.033858060836792,"uq":3.1158961057662964,"iqr":0.0820380449295044,"cutLo":2.787743926048279,"cutHi":3.3620102405548096},"2":{"mq":2.940185070037842,"lq":2.8923850059509277,"uq":2.9964990615844727,"iqr":0.10411405563354492,"cutLo":2.580042839050293,"cutHi":3.3088412284851074},"3":{"mq":3.1173386573791504,"lq":3.079072952270508,"uq":3.1572160720825195,"iqr":0.07814311981201172,"cutLo":2.8446435928344727,"cutHi":3.3916454315185547},"4":{"mq":3.069058418273926,"lq":0.0,"uq":3.1213042736053467,"iqr":3.1213042736053467,"cutLo":-9.36391282081604,"cutHi":12.485217094421387},"5":{"mq":3.26728618144989,"lq":3.008720874786377,"uq":3.3819903135299683,"iqr":0.3732694387435913,"cutLo":1.888912558555603,"cutHi":4.501798629760742},"6":{"mq":2.8543026447296143,"lq":2.8241772651672363,"uq":2.889803647994995,"iqr":0.06562638282775879,"cutLo":2.62729811668396,"cutHi":3.0866827964782715}}}